"year","concept","source_var","source_label","resolved_by","required"
1990,"state","_STATE","STATE FIPS CODE","name",TRUE
1990,"psu","_PSU","PRIMARY SAMPLING UNIT","name",TRUE
1990,"strata","_STSTR","_STATE AND _STRATA COMBINED","name",TRUE
1990,"finalwt","_FINALWT","PRODUCT OF _POSTSTR AND _WT1","name",TRUE
1990,"bmi","_BMI","BODY MASS INDEX","name",TRUE
1990,"height_in",NA,NA,NA,FALSE
1990,"weight_kg",NA,NA,NA,FALSE
1990,"height_raw","HEIGHT","REPORTED HEIGHT IN FEET AND INCHES","name",FALSE
1990,"weight_raw","WEIGHT","REPORTED WEIGHT IN POUNDS","name",FALSE
1990,"sex","SEX","SEX","name",FALSE
1990,"age","AGE","REPORTED AGE IN YEARS","name",FALSE
1990,"pregnant","PREGNANT","PREGNANCY STATUS","name",FALSE
1991,"state","_STATE","STATE FIPS CODE","name",TRUE
1991,"psu","_PSU","PRIMARY SAMPLING UNIT","name",TRUE
1991,"strata","_STSTR","_STATE AND _STRATA COMBINED","name",TRUE
1991,"finalwt","_FINALWT","PRODUCT OF _POSTSTR AND _WT1","name",TRUE
1991,"bmi","_BMI","BODY MASS INDEX","name",TRUE
1991,"height_in",NA,NA,NA,FALSE
1991,"weight_kg",NA,NA,NA,FALSE
1991,"height_raw","HEIGHT","REPORTED HEIGHT IN FEET AND INCHES","name",FALSE
1991,"weight_raw","WEIGHT","REPORTED WEIGHT IN POUNDS","name",FALSE
1991,"sex","SEX","SEX","name",FALSE
1991,"age","AGE","REPORTED AGE IN YEARS","name",FALSE
1991,"pregnant","PREGNANT","PREGNANCY STATUS","name",FALSE
1992,"state","_STATE","STATE FIPS CODE","name",TRUE
1992,"psu","_PSU","PRIMARY SAMPLING UNIT","name",TRUE
1992,"strata","_STSTR","_STATE AND _STRATA COMBINED","name",TRUE
1992,"finalwt","_FINALWT","PRODUCT OF _POSTSTR AND _WT1","name",TRUE
1992,"bmi","_BMI","BODY MASS INDEX","name",TRUE
1992,"height_in",NA,NA,NA,FALSE
1992,"weight_kg",NA,NA,NA,FALSE
1992,"height_raw","HEIGHT","REPORTED HEIGHT IN FEET AND INCHES","name",FALSE
1992,"weight_raw","WEIGHT","REPORTED WEIGHT IN POUNDS","name",FALSE
1992,"sex","SEX","SEX","name",FALSE
1992,"age","AGE","REPORTED AGE IN YEARS","name",FALSE
1992,"pregnant","PREGNANT","PREGNANCY STATUS","name",FALSE
1993,"state","_STATE","STATE FIPS CODE","name",TRUE
1993,"psu","_PSU","PRIMARY SAMPLING UNIT","name",TRUE
1993,"strata","_STSTR","_STATE AND _STRATA COMBINED","name",TRUE
1993,"finalwt","_FINALWT","PRODUCT OF _POSTSTR AND _WT1","name",TRUE
1993,"bmi","_BMI","BODY MASS INDEX","name",TRUE
1993,"height_in",NA,NA,NA,FALSE
1993,"weight_kg",NA,NA,NA,FALSE
1993,"height_raw","HEIGHT","REPORTED HEIGHT IN FEET AND INCHES","name",FALSE
1993,"weight_raw","WEIGHT","REPORTED WEIGHT IN POUNDS","name",FALSE
1993,"sex","SEX","SEX","name",FALSE
1993,"age","AGE","REPORTED AGE IN YEARS","name",FALSE
1993,"pregnant","PREGNANT","ARE YOU NOW PREGNANT","name",FALSE
1994,"state","_STATE","STATE FIPS CODE","name",TRUE
1994,"psu","_PSU","PRIMARY SAMPLING UNIT","name",TRUE
1994,"strata","_STSTR","_STATE AND _STRATA COMBINED","name",TRUE
1994,"finalwt","_FINALWT","PRODUCT OF _POSTSTR AND _WT1","name",TRUE
1994,"bmi","_BMI","BODY MASS INDEX","name",TRUE
1994,"height_in",NA,NA,NA,FALSE
1994,"weight_kg",NA,NA,NA,FALSE
1994,"height_raw","HEIGHT","REPORTED HEIGHT IN FEET AND INCHES","name",FALSE
1994,"weight_raw","WEIGHT","REPORTED WEIGHT IN POUNDS","name",FALSE
1994,"sex","SEX","SEX","name",FALSE
1994,"age","AGE","REPORTED AGE IN YEARS","name",FALSE
1994,"pregnant","PREGNANT","ARE YOU NOW PREGNANT","name",FALSE
1995,"state","_STATE","STATE FIPS CODE","name",TRUE
1995,"psu","_PSU","PRIMARY SAMPLING UNIT","name",TRUE
1995,"strata","_STSTR","_STATE AND _STRATA COMBINED","name",TRUE
1995,"finalwt","_FINALWT","PRODUCT OF _POSTSTR & _WT1(2 EXPLCT DEC)","name",TRUE
1995,"bmi","_BMI","BODY MASS INDEX","name",TRUE
1995,"height_in",NA,NA,NA,FALSE
1995,"weight_kg",NA,NA,NA,FALSE
1995,"height_raw","HEIGHT","REPORTED HEIGHT IN FEET AND INCHES","name",FALSE
1995,"weight_raw","WEIGHT","REPORTED WEIGHT IN POUNDS","name",FALSE
1995,"sex","SEX","SEX","name",FALSE
1995,"age","AGE","REPORTED AGE IN YEARS","name",FALSE
1995,"pregnant","PREGNANT","ARE YOU NOW PREGNANT","name",FALSE
1996,"state","_STATE","STATE FIPS CODE","name",TRUE
1996,"psu","_PSU","PRIMARY SAMPLING UNIT","name",TRUE
1996,"strata","_STSTR","CONCATENATED STRATIFICATION VARIABLES","name",TRUE
1996,"finalwt","_FINALWT","PRODUCT OF _POSTSTR & _WT1","name",TRUE
1996,"bmi","_BMI","BODY MASS INDEX","name",TRUE
1996,"height_in",NA,NA,NA,FALSE
1996,"weight_kg",NA,NA,NA,FALSE
1996,"height_raw","HEIGHT","REPORTED HEIGHT IN FEET AND INCHES","name",FALSE
1996,"weight_raw","WEIGHT","REPORTED WEIGHT IN POUNDS","name",FALSE
1996,"sex","SEX","SEX","name",FALSE
1996,"age","AGE","REPORTED AGE IN YEARS","name",FALSE
1996,"pregnant","PREGNANT","ARE YOU NOW PREGNANT","name",FALSE
1997,"state","_STATE","STATE FIPS CODE","name",TRUE
1997,"psu","_PSU","PRIMARY SAMPLING UNIT","name",TRUE
1997,"strata","_STSTR","CONCATENATED STRATIFICATION VARIABLES","name",TRUE
1997,"finalwt","_FINALWT","PRODUCT OF _POSTSTR & _WT1","name",TRUE
1997,"bmi","_BMI","BODY MASS INDEX","name",TRUE
1997,"height_in",NA,NA,NA,FALSE
1997,"weight_kg",NA,NA,NA,FALSE
1997,"height_raw","HEIGHT","REPORTED HEIGHT IN FEET AND INCHES","name",FALSE
1997,"weight_raw","WEIGHT","REPORTED WEIGHT IN POUNDS","name",FALSE
1997,"sex","SEX","SEX","name",FALSE
1997,"age","AGE","REPORTED AGE IN YEARS","name",FALSE
1997,"pregnant","PREGNANT","ARE YOU NOW PREGNANT","name",FALSE
1998,"state","_STATE","STATE FIPS CODE","name",TRUE
1998,"psu","_PSU","PRIMARY SAMPLING UNIT","name",TRUE
1998,"strata","_STSTR","CONCATENATED STRATIFICATION VARIABLES","name",TRUE
1998,"finalwt","_FINALWT","PRODUCT OF _POSTSTR & _WT1","name",TRUE
1998,"bmi","_BMI","BODY MASS INDEX","name",TRUE
1998,"height_in",NA,NA,NA,FALSE
1998,"weight_kg",NA,NA,NA,FALSE
1998,"height_raw","HEIGHT","REPORTED HEIGHT IN FEET AND INCHES","name",FALSE
1998,"weight_raw","WEIGHT","REPORTED WEIGHT IN POUNDS","name",FALSE
1998,"sex","SEX","SEX","name",FALSE
1998,"age","AGE","REPORTED AGE IN YEARS","name",FALSE
1998,"pregnant","PREGNANT","ARE YOU NOW PREGNANT","name",FALSE
1999,"state","_STATE","STATE FIPS CODE","name",TRUE
1999,"psu","_PSU","PRIMARY SAMPLING UNIT","name",TRUE
1999,"strata","_STSTR","SAMPLE DESIGN STRATIFICATION VARIABLE","name",TRUE
1999,"finalwt","_FINALWT","FINAL WEIGHT","name",TRUE
1999,"bmi","_BMI","BODY MASS INDEX","name",TRUE
1999,"height_in",NA,NA,NA,FALSE
1999,"weight_kg",NA,NA,NA,FALSE
1999,"height_raw","HEIGHT","REPORTED HEIGHT IN FEET AND INCHES","name",FALSE
1999,"weight_raw","WEIGHT","REPORTED WEIGHT IN POUNDS","name",FALSE
1999,"sex","SEX","SEX","name",FALSE
1999,"age","AGE","REPORTED AGE IN YEARS","name",FALSE
1999,"pregnant","PREGNANT","ARE YOU NOW PREGNANT","name",FALSE
2000,"state","_STATE","STATE FIPS CODE","name",TRUE
2000,"psu","_PSU","PRIMARY SAMPLING UNIT","name",TRUE
2000,"strata","_STSTR","SAMPLE DESIGN STRATIFICATION VARIABLE","name",TRUE
2000,"finalwt","_FINALWT","FINAL WEIGHT","name",TRUE
2000,"bmi","_BMI2","BODY MASS INDEX","name",TRUE
2000,"height_in",NA,NA,NA,FALSE
2000,"weight_kg",NA,NA,NA,FALSE
2000,"height_raw","HEIGHT","REPORTED HEIGHT IN FEET AND INCHES","name",FALSE
2000,"weight_raw","WEIGHT","REPORTED WEIGHT IN POUNDS","name",FALSE
2000,"sex","SEX","SEX","name",FALSE
2000,"age","AGE","REPORTED AGE IN YEARS","name",FALSE
2000,"pregnant","PREGNANT","ARE YOU NOW PREGNANT","name",FALSE
2001,"state","_STATE","STATE FIPS CODE","name",TRUE
2001,"psu","_PSU","PRIMARY SAMPLING UNIT","name",TRUE
2001,"strata","_STSTR","SAMPLE DESIGN STRATIFICATION VARIABLE","name",TRUE
2001,"finalwt","_FINALWT","FINAL WEIGHT","name",TRUE
2001,"bmi","_BMI2","BODY MASS INDEX","name",TRUE
2001,"height_in","HTIN","REPORTED HEIGHT IN INCHES","name",FALSE
2001,"weight_kg","WTKG","REPORTED WEIGHT IN KILOGRAMS","name",FALSE
2001,"height_raw","HEIGHT","REPORTED HEIGHT IN FEET AND INCHES","name",FALSE
2001,"weight_raw","WEIGHT","REPORTED WEIGHT IN POUNDS","name",FALSE
2001,"sex","SEX","SEX","name",FALSE
2001,"age","AGE","REPORTED AGE IN YEARS","name",FALSE
2001,"pregnant","PREGNT2","ARE YOU NOW PREGNANT","label",FALSE
2002,"state","_STATE","STATE FIPS CODE","name",TRUE
2002,"psu","_PSU","PRIMARY SAMPLING UNIT","name",TRUE
2002,"strata","_STSTR","Concatenated Stratification Variables","name",TRUE
2002,"finalwt","_FINALWT","Product Of _Poststr & _Wt2","name",TRUE
2002,"bmi","_BMI2","Body Mass Index.","name",TRUE
2002,"height_in","HTIN","Reported height in inches.","name",FALSE
2002,"weight_kg","WTKG","Reported weight in kilograms.","name",FALSE
2002,"height_raw","HEIGHT","REPORTED HEIGHT IN FEET AND INCHES","name",FALSE
2002,"weight_raw","WEIGHT","REPORTED WEIGHT IN POUNDS","name",FALSE
2002,"sex","SEX","SEX","name",FALSE
2002,"age","AGE","REPORTED AGE IN YEARS","name",FALSE
2002,"pregnant","PREGNANT","ARE YOU NOW PREGNANT","name",FALSE
2003,"state","_STATE","STATE FIPS CODE","name",TRUE
2003,"psu","_PSU","PRIMARY SAMPLING UNIT","name",TRUE
2003,"strata","_STSTR","CONCATENATED STRATIFICATION VARIABLES","name",TRUE
2003,"finalwt","_FINALWT","PRODUCT OF _POSTSTR & _WT2","name",TRUE
2003,"bmi","_BMI3","BODY MASS INDEX.","name",TRUE
2003,"height_in","HTIN2","REPORTED HEIGHT IN INCHES.","name",FALSE
2003,"weight_kg","WTKG","REPORTED WEIGHT IN KILOGRAMS.","name",FALSE
2003,"height_raw","HEIGHT","REPORTED HEIGHT IN FEET AND INCHES","name",FALSE
2003,"weight_raw","WEIGHT","REPORTED WEIGHT IN POUNDS","name",FALSE
2003,"sex","SEX","SEX","name",FALSE
2003,"age","AGE","REPORTED AGE IN YEARS","name",FALSE
2003,"pregnant","PREGNANT","ARE YOU NOW PREGNANT","name",FALSE
2004,"state","_STATE","STATE FIPS CODE","name",TRUE
2004,"psu","_PSU","PRIMARY SAMPLING UNIT","name",TRUE
2004,"strata","_STSTR","CONCATENATED STRATIFICATION VARIABLES","name",TRUE
2004,"finalwt","_FINALWT","PRODUCT OF _POSTSTR & _WT2","name",TRUE
2004,"bmi","_BMI4","BODY MASS INDEX.","name",TRUE
2004,"height_in","HTIN3","REPORTED HEIGHT IN INCHES.","name",FALSE
2004,"weight_kg","WTKG2","REPORTED WEIGHT IN KILOGRAMS.","name",FALSE
2004,"height_raw","HEIGHT2","REPORTED HEIGHT IN FEET AND INCHES","name",FALSE
2004,"weight_raw","WEIGHT2","REPORTED WEIGHT IN POUNDS","name",FALSE
2004,"sex","SEX","SEX","name",FALSE
2004,"age","AGE","REPORTED AGE IN YEARS","name",FALSE
2004,"pregnant","PREGNANT","ARE YOU NOW PREGNANT","name",FALSE
2005,"state","_STATE","STATE FIPS CODE","name",TRUE
2005,"psu","_PSU","PRIMARY SAMPLING UNIT","name",TRUE
2005,"strata","_STSTR","SAMPLE DESIGN STRATIFICATION VARIABLE","name",TRUE
2005,"finalwt","_FINALWT","FINAL WEIGHT","name",TRUE
2005,"bmi","_BMI4","COMPUTED BODY MASS INDEX","name",TRUE
2005,"height_in","HTIN3","COMPUTED HEIGHT IN INCHES","name",FALSE
2005,"weight_kg","WTKG2","COMPUTED WEIGHT IN KILOGRAMS","name",FALSE
2005,"height_raw","HEIGHT3","REPORTED HEIGHT IN FEET AND INCHES","name",FALSE
2005,"weight_raw","WEIGHT2","REPORTED WEIGHT IN POUNDS","name",FALSE
2005,"sex","SEX","RESPONDENTS SEX","name",FALSE
2005,"age","AGE","REPORTED AGE IN YEARS","name",FALSE
2005,"pregnant","PREGNANT","PREGNANCY STATUS","name",FALSE
2006,"state","_STATE","STATE FIPS CODE","name",TRUE
2006,"psu","_PSU","PRIMARY SAMPLING UNIT","name",TRUE
2006,"strata","_STSTR","SAMPLE DESIGN STRATIFICATION VARIABLE","name",TRUE
2006,"finalwt","_FINALWT","FINAL WEIGHT","name",TRUE
2006,"bmi","_BMI4","COMPUTED BODY MASS INDEX","name",TRUE
2006,"height_in","HTIN3","COMPUTED HEIGHT IN INCHES","name",FALSE
2006,"weight_kg","WTKG2","COMPUTED WEIGHT IN KILOGRAMS","name",FALSE
2006,"height_raw","HEIGHT3","REPORTED HEIGHT IN FEET AND INCHES","name",FALSE
2006,"weight_raw","WEIGHT2","REPORTED WEIGHT IN POUNDS","name",FALSE
2006,"sex","SEX","RESPONDENTS SEX","name",FALSE
2006,"age","AGE","REPORTED AGE IN YEARS","name",FALSE
2006,"pregnant","PREGNANT","PREGNANCY STATUS","name",FALSE
2007,"state","_STATE","STATE FIPS CODE","name",TRUE
2007,"psu","_PSU","PRIMARY SAMPLING UNIT","name",TRUE
2007,"strata","_STSTR","SAMPLE DESIGN STRATIFICATION VARIABLE","name",TRUE
2007,"finalwt","_FINALWT","FINAL WEIGHT","name",TRUE
2007,"bmi","_BMI4","COMPUTED BODY MASS INDEX","name",TRUE
2007,"height_in","HTIN3","COMPUTED HEIGHT IN INCHES","name",FALSE
2007,"weight_kg","WTKG2","COMPUTED WEIGHT IN KILOGRAMS","name",FALSE
2007,"height_raw","HEIGHT3","REPORTED HEIGHT IN FEET AND INCHES","name",FALSE
2007,"weight_raw","WEIGHT2","REPORTED WEIGHT IN POUNDS","name",FALSE
2007,"sex","SEX","RESPONDENTS SEX","name",FALSE
2007,"age","AGE","REPORTED AGE IN YEARS","name",FALSE
2007,"pregnant","PREGNANT","PREGNANCY STATUS","name",FALSE
2008,"state","_STATE","STATE FIPS CODE","name",TRUE
2008,"psu","_PSU","PRIMARY SAMPLING UNIT","name",TRUE
2008,"strata","_STSTR","SAMPLE DESIGN STRATIFICATION VARIABLE","name",TRUE
2008,"finalwt","_FINALWT","FINAL WEIGHT","name",TRUE
2008,"bmi","_BMI4","COMPUTED BODY MASS INDEX","name",TRUE
2008,"height_in","HTIN3","COMPUTED HEIGHT IN INCHES","name",FALSE
2008,"weight_kg","WTKG2","COMPUTED WEIGHT IN KILOGRAMS","name",FALSE
2008,"height_raw","HEIGHT3","REPORTED HEIGHT IN FEET AND INCHES","name",FALSE
2008,"weight_raw","WEIGHT2","REPORTED WEIGHT IN POUNDS","name",FALSE
2008,"sex","SEX","RESPONDENTS SEX","name",FALSE
2008,"age","AGE","REPORTED AGE IN YEARS","name",FALSE
2008,"pregnant","PREGNANT","PREGNANCY STATUS","name",FALSE
2009,"state","_STATE","STATE FIPS CODE","name",TRUE
2009,"psu","_PSU","PRIMARY SAMPLING UNIT","name",TRUE
2009,"strata","_STSTR","SAMPLE DESIGN STRATIFICATION VARIABLE","name",TRUE
2009,"finalwt","_FINALWT","FINAL WEIGHT","name",TRUE
2009,"bmi","_BMI4","COMPUTED BODY MASS INDEX","name",TRUE
2009,"height_in","HTIN3","COMPUTED HEIGHT IN INCHES","name",FALSE
2009,"weight_kg","WTKG2","COMPUTED WEIGHT IN KILOGRAMS","name",FALSE
2009,"height_raw","HEIGHT3","REPORTED HEIGHT IN FEET AND INCHES","name",FALSE
2009,"weight_raw","WEIGHT2","REPORTED WEIGHT IN POUNDS","name",FALSE
2009,"sex","SEX","RESPONDENTS SEX","name",FALSE
2009,"age","AGE","REPORTED AGE IN YEARS","name",FALSE
2009,"pregnant","PREGNANT","PREGNANCY STATUS","name",FALSE
2010,"state","_STATE","STATE FIPS CODE","name",TRUE
2010,"psu","_PSU","PRIMARY SAMPLING UNIT","name",TRUE
2010,"strata","_STSTR","SAMPLE DESIGN STRATIFICATION VARIABLE","name",TRUE
2010,"finalwt","_FINALWT","FINAL WEIGHT","name",TRUE
2010,"bmi","_BMI4","COMPUTED BODY MASS INDEX","name",TRUE
2010,"height_in","HTIN3","COMPUTED HEIGHT IN INCHES","name",FALSE
2010,"weight_kg","WTKG2","COMPUTED WEIGHT IN KILOGRAMS","name",FALSE
2010,"height_raw","HEIGHT3","REPORTED HEIGHT IN FEET AND INCHES","name",FALSE
2010,"weight_raw","WEIGHT2","REPORTED WEIGHT IN POUNDS","name",FALSE
2010,"sex","SEX","RESPONDENTS SEX","name",FALSE
2010,"age","AGE","REPORTED AGE IN YEARS","name",FALSE
2010,"pregnant","PREGNANT","PREGNANCY STATUS","name",FALSE
2011,"state","_STATE","STATE FIPS CODE","name",TRUE
2011,"psu","_PSU","PRIMARY SAMPLING UNIT","name",TRUE
2011,"strata","_STSTR","SAMPLE DESIGN STRATIFICATION VARIABLE","name",TRUE
2011,"finalwt","_LLCPWT","FINAL WEIGHT: LAND-LINE AND CELL-PHONE D","name",TRUE
2011,"bmi","_BMI5","COMPUTED BODY MASS INDEX","name",TRUE
2011,"height_in","HTIN4","COMPUTED HEIGHT IN INCHES","name",FALSE
2011,"weight_kg","WTKG3","COMPUTED WEIGHT IN KILOGRAMS","name",FALSE
2011,"height_raw","HEIGHT3","REPORTED HEIGHT IN FEET AND INCHES","name",FALSE
2011,"weight_raw","WEIGHT2","REPORTED WEIGHT IN POUNDS","name",FALSE
2011,"sex","SEX","RESPONDENTS SEX","name",FALSE
2011,"age","AGE","REPORTED AGE IN YEARS","name",FALSE
2011,"pregnant","PREGNANT","PREGNANCY STATUS","name",FALSE
2012,"state","_STATE","STATE FIPS CODE","name",TRUE
2012,"psu","_PSU","PRIMARY SAMPLING UNIT","name",TRUE
2012,"strata","_STSTR","SAMPLE DESIGN STRATIFICATION VARIABLE","name",TRUE
2012,"finalwt","_LLCPWT","FINAL WEIGHT: LAND-LINE AND CELL-PHONE D","name",TRUE
2012,"bmi","_BMI5","COMPUTED BODY MASS INDEX","name",TRUE
2012,"height_in","HTIN4","COMPUTED HEIGHT IN INCHES","name",FALSE
2012,"weight_kg","WTKG3","COMPUTED WEIGHT IN KILOGRAMS","name",FALSE
2012,"height_raw","HEIGHT3","REPORTED HEIGHT IN FEET AND INCHES","name",FALSE
2012,"weight_raw","WEIGHT2","REPORTED WEIGHT IN POUNDS","name",FALSE
2012,"sex","SEX","RESPONDENTS SEX","name",FALSE
2012,"age","AGE","REPORTED AGE IN YEARS","name",FALSE
2012,"pregnant","PREGNANT","PREGNANCY STATUS","name",FALSE
2013,"state","_STATE","STATE FIPS CODE","name",TRUE
2013,"psu","_PSU","PRIMARY SAMPLING UNIT","name",TRUE
2013,"strata","_STSTR","SAMPLE DESIGN STRATIFICATION VARIABLE","name",TRUE
2013,"finalwt","_LLCPWT","FINAL WEIGHT: LAND-LINE AND CELL-PHONE D","name",TRUE
2013,"bmi","_BMI5","COMPUTED BODY MASS INDEX","name",TRUE
2013,"height_in","HTIN4","COMPUTED HEIGHT IN INCHES","name",FALSE
2013,"weight_kg","WTKG3","COMPUTED WEIGHT IN KILOGRAMS","name",FALSE
2013,"height_raw","HEIGHT3","REPORTED HEIGHT IN FEET AND INCHES","name",FALSE
2013,"weight_raw","WEIGHT2","REPORTED WEIGHT IN POUNDS","name",FALSE
2013,"sex","SEX","RESPONDENTS SEX","name",FALSE
2013,"age","_AGE80","IMPUTED AGE VALUE COLLAPSED ABOVE 80","name",FALSE
2013,"pregnant","PREGNANT","PREGNANCY STATUS","name",FALSE
2014,"state","_STATE","STATE FIPS CODE","name",TRUE
2014,"psu","_PSU","PRIMARY SAMPLING UNIT","name",TRUE
2014,"strata","_STSTR","SAMPLE DESIGN STRATIFICATION VARIABLE","name",TRUE
2014,"finalwt","_LLCPWT","FINAL WEIGHT: LAND-LINE AND CELL-PHONE D","name",TRUE
2014,"bmi","_BMI5","COMPUTED BODY MASS INDEX","name",TRUE
2014,"height_in","HTIN4","COMPUTED HEIGHT IN INCHES","name",FALSE
2014,"weight_kg","WTKG3","COMPUTED WEIGHT IN KILOGRAMS","name",FALSE
2014,"height_raw","HEIGHT3","REPORTED HEIGHT IN FEET AND INCHES","name",FALSE
2014,"weight_raw","WEIGHT2","REPORTED WEIGHT IN POUNDS","name",FALSE
2014,"sex","SEX","RESPONDENTS SEX","name",FALSE
2014,"age","_AGE80","IMPUTED AGE VALUE COLLAPSED ABOVE 80","name",FALSE
2014,"pregnant","PREGNANT","PREGNANCY STATUS","name",FALSE
2015,"state","_STATE","STATE FIPS CODE","name",TRUE
2015,"psu","_PSU","PRIMARY SAMPLING UNIT","name",TRUE
2015,"strata","_STSTR","SAMPLE DESIGN STRATIFICATION VARIABLE","name",TRUE
2015,"finalwt","_LLCPWT","FINAL WEIGHT: LAND-LINE AND CELL-PHONE D","name",TRUE
2015,"bmi","_BMI5","COMPUTED BODY MASS INDEX","name",TRUE
2015,"height_in","HTIN4","COMPUTED HEIGHT IN INCHES","name",FALSE
2015,"weight_kg","WTKG3","COMPUTED WEIGHT IN KILOGRAMS","name",FALSE
2015,"height_raw","HEIGHT3","REPORTED HEIGHT IN FEET AND INCHES","name",FALSE
2015,"weight_raw","WEIGHT2","REPORTED WEIGHT IN POUNDS","name",FALSE
2015,"sex","SEX","RESPONDENTS SEX","name",FALSE
2015,"age","_AGE80","IMPUTED AGE VALUE COLLAPSED ABOVE 80","name",FALSE
2015,"pregnant","PREGNANT","PREGNANCY STATUS","name",FALSE
2016,"state","_STATE","STATE FIPS CODE","name",TRUE
2016,"psu","_PSU","PRIMARY SAMPLING UNIT","name",TRUE
2016,"strata","_STSTR","SAMPLE DESIGN STRATIFICATION VARIABLE","name",TRUE
2016,"finalwt","_LLCPWT","FINAL WEIGHT: LAND-LINE AND CELL-PHONE D","name",TRUE
2016,"bmi","_BMI5","COMPUTED BODY MASS INDEX","name",TRUE
2016,"height_in","HTIN4","COMPUTED HEIGHT IN INCHES","name",FALSE
2016,"weight_kg","WTKG3","COMPUTED WEIGHT IN KILOGRAMS","name",FALSE
2016,"height_raw","HEIGHT3","REPORTED HEIGHT IN FEET AND INCHES","name",FALSE
2016,"weight_raw","WEIGHT2","REPORTED WEIGHT IN POUNDS","name",FALSE
2016,"sex","SEX","RESPONDENTS SEX","name",FALSE
2016,"age","_AGE80","IMPUTED AGE VALUE COLLAPSED ABOVE 80","name",FALSE
2016,"pregnant","PREGNANT","PREGNANCY STATUS","name",FALSE
2017,"state","_STATE","STATE FIPS CODE","name",TRUE
2017,"psu","_PSU","PRIMARY SAMPLING UNIT","name",TRUE
2017,"strata","_STSTR","SAMPLE DESIGN STRATIFICATION VARIABLE","name",TRUE
2017,"finalwt","_LLCPWT","FINAL WEIGHT: LAND-LINE AND CELL-PHONE D","name",TRUE
2017,"bmi","_BMI5","COMPUTED BODY MASS INDEX","name",TRUE
2017,"height_in","HTIN4","COMPUTED HEIGHT IN INCHES","name",FALSE
2017,"weight_kg","WTKG3","COMPUTED WEIGHT IN KILOGRAMS","name",FALSE
2017,"height_raw","HEIGHT3","REPORTED HEIGHT IN FEET AND INCHES","name",FALSE
2017,"weight_raw","WEIGHT2","REPORTED WEIGHT IN POUNDS","name",FALSE
2017,"sex","SEX","RESPONDENTS SEX","name",FALSE
2017,"age","_AGE80","IMPUTED AGE VALUE COLLAPSED ABOVE 80","name",FALSE
2017,"pregnant","PREGNANT","PREGNANCY STATUS","name",FALSE
2018,"state","_STATE","STATE FIPS CODE","name",TRUE
2018,"psu","_PSU","PRIMARY SAMPLING UNIT","name",TRUE
2018,"strata","_STSTR","SAMPLE DESIGN STRATIFICATION VARIABLE","name",TRUE
2018,"finalwt","_LLCPWT","FINAL WEIGHT: LAND-LINE AND CELL-PHONE D","name",TRUE
2018,"bmi","_BMI5","COMPUTED BODY MASS INDEX","name",TRUE
2018,"height_in","HTIN4","COMPUTED HEIGHT IN INCHES","name",FALSE
2018,"weight_kg","WTKG3","COMPUTED WEIGHT IN KILOGRAMS","name",FALSE
2018,"height_raw","HEIGHT3","REPORTED HEIGHT IN FEET AND INCHES","name",FALSE
2018,"weight_raw","WEIGHT2","REPORTED WEIGHT IN POUNDS","name",FALSE
2018,"sex","SEX1","RESPONDENTS SEX","label",FALSE
2018,"age","_AGE80","IMPUTED AGE VALUE COLLAPSED ABOVE 80","name",FALSE
2018,"pregnant","PREGNANT","PREGNANCY STATUS","name",FALSE
2019,"state","_STATE","STATE FIPS CODE","name",TRUE
2019,"psu","_PSU","PRIMARY SAMPLING UNIT","name",TRUE
2019,"strata","_STSTR","SAMPLE DESIGN STRATIFICATION VARIABLE","name",TRUE
2019,"finalwt","_LLCPWT","FINAL WEIGHT: LAND-LINE AND CELL-PHONE D","name",TRUE
2019,"bmi","_BMI5","COMPUTED BODY MASS INDEX","name",TRUE
2019,"height_in","HTIN4","COMPUTED HEIGHT IN INCHES","name",FALSE
2019,"weight_kg","WTKG3","COMPUTED WEIGHT IN KILOGRAMS","name",FALSE
2019,"height_raw","HEIGHT3","REPORTED HEIGHT IN FEET AND INCHES","name",FALSE
2019,"weight_raw","WEIGHT2","REPORTED WEIGHT IN POUNDS","name",FALSE
2019,"sex","SEXVAR","SEX OF RESPONDENT","name",FALSE
2019,"age","_AGE80","IMPUTED AGE VALUE COLLAPSED ABOVE 80","name",FALSE
2019,"pregnant","PREGNANT","PREGNANCY STATUS","name",FALSE
2020,"state","_STATE","STATE FIPS CODE","name",TRUE
2020,"psu","_PSU","PRIMARY SAMPLING UNIT","name",TRUE
2020,"strata","_STSTR","SAMPLE DESIGN STRATIFICATION VARIABLE","name",TRUE
2020,"finalwt","_LLCPWT","FINAL WEIGHT: LAND-LINE AND CELL-PHONE D","name",TRUE
2020,"bmi","_BMI5","COMPUTED BODY MASS INDEX","name",TRUE
2020,"height_in","HTIN4","COMPUTED HEIGHT IN INCHES","name",FALSE
2020,"weight_kg","WTKG3","COMPUTED WEIGHT IN KILOGRAMS","name",FALSE
2020,"height_raw","HEIGHT3","REPORTED HEIGHT IN FEET AND INCHES","name",FALSE
2020,"weight_raw","WEIGHT2","REPORTED WEIGHT IN POUNDS","name",FALSE
2020,"sex","SEXVAR","SEX OF RESPONDENT","name",FALSE
2020,"age","_AGE80","IMPUTED AGE VALUE COLLAPSED ABOVE 80","name",FALSE
2020,"pregnant","PREGNANT","PREGNANCY STATUS","name",FALSE
2021,"state","_STATE","STATE FIPS CODE","name",TRUE
2021,"psu","_PSU","PRIMARY SAMPLING UNIT","name",TRUE
2021,"strata","_STSTR","SAMPLE DESIGN STRATIFICATION VARIABLE","name",TRUE
2021,"finalwt","_LLCPWT","FINAL WEIGHT: LAND-LINE AND CELL-PHONE D","name",TRUE
2021,"bmi","_BMI5","COMPUTED BODY MASS INDEX","name",TRUE
2021,"height_in","HTIN4","COMPUTED HEIGHT IN INCHES","name",FALSE
2021,"weight_kg","WTKG3","COMPUTED WEIGHT IN KILOGRAMS","name",FALSE
2021,"height_raw","HEIGHT3","REPORTED HEIGHT IN FEET AND INCHES","name",FALSE
2021,"weight_raw","WEIGHT2","REPORTED WEIGHT IN POUNDS","name",FALSE
2021,"sex","SEXVAR","SEX OF RESPONDENT","name",FALSE
2021,"age","_AGE80","IMPUTED AGE VALUE COLLAPSED ABOVE 80","name",FALSE
2021,"pregnant","PREGNANT","PREGNANCY STATUS","name",FALSE
2022,"state","_STATE","STATE FIPS CODE","name",TRUE
2022,"psu","_PSU","PRIMARY SAMPLING UNIT","name",TRUE
2022,"strata","_STSTR","SAMPLE DESIGN STRATIFICATION VARIABLE","name",TRUE
2022,"finalwt","_LLCPWT","FINAL WEIGHT: LAND-LINE AND CELL-PHONE D","name",TRUE
2022,"bmi","_BMI5","COMPUTED BODY MASS INDEX","name",TRUE
2022,"height_in","HTIN4","COMPUTED HEIGHT IN INCHES","name",FALSE
2022,"weight_kg","WTKG3","COMPUTED WEIGHT IN KILOGRAMS","name",FALSE
2022,"height_raw","HEIGHT3","REPORTED HEIGHT IN FEET AND INCHES","name",FALSE
2022,"weight_raw","WEIGHT2","REPORTED WEIGHT IN POUNDS","name",FALSE
2022,"sex","SEXVAR","SEX OF RESPONDENT","name",FALSE
2022,"age","_AGE80","IMPUTED AGE VALUE COLLAPSED ABOVE 80","name",FALSE
2022,"pregnant","PREGNANT","PREGNANCY STATUS","name",FALSE
2023,"state","_STATE","STATE FIPS CODE","name",TRUE
2023,"psu","_PSU","PRIMARY SAMPLING UNIT","name",TRUE
2023,"strata","_STSTR","SAMPLE DESIGN STRATIFICATION VARIABLE","name",TRUE
2023,"finalwt","_LLCPWT","FINAL WEIGHT: LAND-LINE AND CELL-PHONE D","name",TRUE
2023,"bmi","_BMI5","COMPUTED BODY MASS INDEX","name",TRUE
2023,"height_in","HTIN4","COMPUTED HEIGHT IN INCHES","name",FALSE
2023,"weight_kg","WTKG3","COMPUTED WEIGHT IN KILOGRAMS","name",FALSE
2023,"height_raw","HEIGHT3","REPORTED HEIGHT IN FEET AND INCHES","name",FALSE
2023,"weight_raw","WEIGHT2","REPORTED WEIGHT IN POUNDS","name",FALSE
2023,"sex","SEXVAR","SEX OF RESPONDENT","name",FALSE
2023,"age","_AGE80","IMPUTED AGE VALUE COLLAPSED ABOVE 80","name",FALSE
2023,"pregnant","PREGNANT","PREGNANCY STATUS","name",FALSE
