"year","brfss_prev","brfss_se"
1990,0.111170641207075,0.00181926178555246
1991,0.120075532509532,0.00174088857463854
1992,0.126921926882774,0.00161870126870761
1993,0.136071906805958,0.0016627236839545
1994,0.144103977984838,0.00177056781477308
1995,0.152678973649819,0.0019482376938453
1996,0.157516031575622,0.00166143226530241
1997,0.16380317665218,0.00163352953172426
1998,0.178384040942016,0.0016536044172489
1999,0.188308544765618,0.00171217895860829
2000,0.198028622047893,0.00169055183420111
2001,0.215808523735554,0.00165228557653395
2002,0.219292329744445,0.00159310636171845
2003,0.22793788214946,0.00161515450059271
2004,0.23468321100659,0.00159763310717576
2005,0.245378736229623,0.00152210902346962
2006,0.250636573189425,0.00166997913118993
2007,0.262523579482262,0.00154744656350382
2008,0.266833381983041,0.00150870912738685
2009,0.273668027809398,0.00150223169721992
2010,0.278336861272809,0.0014239847421262
2011,0.272976664857297,0.00135360097763483
2012,0.275419960563059,0.00139232594549505
2013,0.280960211397902,0.00137335440394468
2014,0.287226512841309,0.00140706191254096
2015,0.285654637742184,0.00141387529908476
2016,0.293611668043917,0.00142625201316801
2017,0.298731804835033,0.00156690037919165
2018,0.3068309744533,0.00156818331205909
2019,0.311104852921101,0.00151334009898063
2020,0.31688648870996,0.00188883362063476
2021,0.327288957635809,0.00167930464990157
2022,0.330875910982819,0.00159825409703739
2023,0.324966423588637,0.00166606271846487
